{
	"format_version": "1.8.0",
	"animations": {
		"animation.phil.ground_idle": {
			"loop": true,
			"animation_length": 3,
			"bones": {
				"Hips": {
					"rotation": {
						"0.0": [-2.5, 0, 0],
						"3.0": [-2.5, 0, 0]
					}
				},
				"Chest": {
					"rotation": {
						"0.0": [-5, 0, 0],
						"1.625": [-12.5, 0, 0],
						"3.0": [-5, 0, 0]
					}
				},
				"LeftShoulder": {
					"rotation": {
						"0.0": [0, 0, 25],
						"1.5833": [0, 0, 20],
						"3.0": [0, 0, 25]
					}
				},
				"LeftArm": {
					"rotation": {
						"0.0": [-183.47875, -6.64851, -62.29788],
						"3.0": [-183.47875, -6.64851, -62.29788]
					}
				},
				"LeftElbow": {
					"rotation": {
						"0.0": [0, 0, -112.5],
						"1.625": [0, 0, -57.5],
						"3.0": [0, 0, -112.5]
					}
				},
				"RightShoulder": {
					"rotation": {
						"0.0": [0, 0, -25],
						"1.5833": [0, 0, -20],
						"3.0": [0, 0, -25]
					}
				},
				"RightArm": {
					"rotation": {
						"0.0": [-182.11751, 4.53051, 64.91623],
						"3.0": [-182.11751, 4.53051, 64.91623]
					},
					"position": {
						"0.0": [2, 3, 0],
						"3.0": [2, 3, 0]
					}
				},
				"RightElbow": {
					"rotation": {
						"0.0": [0, 0, 125],
						"1.625": [0, 0, 65],
						"3.0": [0, 0, 125]
					}
				},
				"Head": {
					"rotation": {
						"0.0": [12.5, 0, 0],
						"1.625": [-12.5, 0, 0],
						"3.0": [12.5, 0, 0]
					}
				},
				"LeftLeg": {
					"rotation": {
						"0.0": [0, -27.5, 0],
						"1.625": [0, -42.5, 0],
						"3.0": [0, -27.5, 0]
					}
				},
				"RightLeg": {
					"rotation": {
						"0.0": [0, 25, 0],
						"1.625": [0, 42.5, 0],
						"3.0": [0, 25, 0]
					}
				}
			}
		},
		"animation.phil.ground_walk": {
			"animation_length": 1,
			"bones": {
				"Hips": {
					"rotation": {
						"0.0": [17.5, 7.5, 0],
						"0.5": [17.5, -20, 0],
						"1.0": [17.5, 7.5, 0]
					}
				},
				"Chest": {
					"rotation": {
						"0.0": [24.93726, 4.76804, -1.50701],
						"0.5": [24.42221, 14.2906, -4.60659],
						"1.0": [24.93726, 4.76804, -1.50701]
					}
				},
				"LeftShoulder": {
					"rotation": {
						"0.0": [-9.92854, 11.65229, -19.05413],
						"0.5": [-62.76443, -21.32093, -15.66012],
						"1.0": [-9.92854, 11.65229, -19.05413]
					}
				},
				"LeftArm": {
					"rotation": {
						"0.0": [-2.31056, -0.73377, -0.59613],
						"0.5": [-38.92905, -18.21344, 2.9307],
						"1.0": [-2.31056, -0.73377, -0.59613]
					}
				},
				"LeftElbow": {
					"rotation": {
						"0.0": [-16.0466, -5.58195, -3.51998],
						"0.5": [-48.79274, -21.89827, 5.52261],
						"1.0": [-16.0466, -5.58195, -3.51998]
					}
				},
				"RightShoulder": {
					"rotation": {
						"0.0": [-84.36696, 27.38656, 2.59775],
						"0.5": [34.24027, -16.32555, 22.44031],
						"1.0": [-84.36696, 27.38656, 2.59775]
					}
				},
				"RightArm": {
					"rotation": {
						"0.0": [-43.64293, 36.82976, -12.56853],
						"0.5": [-0.41578, 17.61504, 8.26303],
						"1.0": [-43.64293, 36.82976, -12.56853]
					}
				},
				"RightElbow": {
					"rotation": {
						"0.0": [-30.59871, 10.80355, -6.32526],
						"0.5": [-24.36831, 6.919, -3.55177],
						"1.0": [-30.59871, 10.80355, -6.32526]
					}
				},
				"Head": {
					"rotation": {
						"0.0": [-20.24529, -5.52235, 5.08269],
						"0.5": [-20.10882, 3.68425, -3.38262],
						"1.0": [-20.24529, -5.52235, 5.08269]
					}
				},
				"RightLeg": {
					"rotation": {
						"0.0": [30, 0, 0],
						"0.5": [-27.5, 0, 0],
						"1.0": [30, 0, 0]
					},
					"position": {
						"0.0": [0, 0, 6],
						"0.5": [0, 0, -2],
						"1.0": [0, 0, 6]
					}
				},
				"LeftLeg": {
					"rotation": {
						"0.0": [-37.5, 0, 0],
						"0.5": [32.5, 0, 0],
						"1.0": [-37.5, 0, 0]
					},
					"position": {
						"0.0": [0, 1, -5],
						"0.5": [0, 1, 7],
						"1.0": [0, 1, -5]
					}
				}
			}
		},
		"animation.phil.faint": {
			"loop": "hold_on_last_frame",
			"animation_length": 1,
			"bones": {
				"FullBody": {
					"rotation": {
						"0.0": [-22.5, 0, 0],
						"1.0": [-87.5, 0, 0]
					}
				},
				"LeftShoulder": {
					"rotation": {
						"0.0": [-85, 0, 0],
						"1.0": [-86.85299, 54.92219, -3.56463]
					}
				},
				"LeftArm": {
					"rotation": [0, 0, -15]
				},
				"RightShoulder": {
					"rotation": {
						"0.0": [-90, 0, 0],
						"1.0": [-95.76132, -72.32786, 7.87648]
					}
				},
				"RightArm": {
					"rotation": [0, 0, 20]
				},
				"Head": {
					"rotation": {
						"0.0": [0, 0, 0],
						"1.0": [-0.31797, 27.47162, -1.30078]
					}
				},
				"Crown": {
					"rotation": {
						"0.0": [0, 0, 0],
						"1.0": [89.61386, -29.96852, 1.44261]
					},
					"position": {
						"0.0": [0, 0, 0],
						"1.0": [0, 5, 2]
					}
				}
			}
		},
		"animation.phil.battle_idle": {
			"loop": true,
			"animation_length": 2,
			"bones": {
				"Hips": {
					"rotation": {
						"0.0": [12.5, 0, 0],
						"1.0": [17.4975, 0, 0],
						"2.0": [12.5, 0, 0]
					}
				},
				"Chest": {
					"rotation": {
						"0.0": [12.5, 0, 0],
						"2.0": [12.5, 0, 0]
					},
					"position": {
						"0.0": [0, 0, 0],
						"1.0": [0, 0, 0],
						"2.0": [0, 0, 0]
					}
				},
				"LeftShoulder": {
					"rotation": {
						"0.0": [2.59775, -27.38656, -5.63304],
						"2.0": [2.59775, -27.38656, -5.63304]
					},
					"position": {
						"0.0": [0, 0, 0],
						"1.0": [0, 1, 0],
						"2.0": [0, 0, 0]
					}
				},
				"LeftArm": {
					"rotation": {
						"0.0": [-73.19143, -26.48829, -2.6734],
						"2.0": [-73.19143, -26.48829, -2.6734]
					}
				},
				"LeftElbow": {
					"rotation": {
						"0.0": [-73.88344, -58.12444, 28.23874],
						"2.0": [-73.88344, -58.12444, 28.23874]
					}
				},
				"RightShoulder": {
					"rotation": {
						"0.0": [-27.11771, 13.34855, 24.26701],
						"2.0": [-27.11771, 13.34855, 24.26701]
					},
					"position": {
						"0.0": [0, 0, 0],
						"1.0": [0, 1, 0],
						"2.0": [0, 0, 0]
					}
				},
				"RightArm": {
					"rotation": {
						"0.0": [-113.2515, 35.57723, -55.65689],
						"2.0": [-113.2515, 35.57723, -55.65689]
					}
				},
				"RightElbow": {
					"rotation": {
						"0.0": [7.80732, 11.01623, 15.56807],
						"2.0": [7.80732, 11.01623, 15.56807]
					}
				},
				"Head": {
					"rotation": [2.5, 0, 0]
				},
				"LeftLeg": {
					"rotation": {
						"0.0": [22.79588, -28.02432, -11.17023],
						"0.9583": [19.39578, -10.81751, -10.02652],
						"2.0": [22.79588, -28.02432, -11.17023]
					},
					"position": [0, 0, 5]
				}
			}
		}
	}
}